Stock A,Stock B,Correlation,Cointegration P-Value
PHM,TOL,0.8934777055116605,0.00024837432078213576
